name,age,email,phone_number
John Doe,20,johndoe@example.com,1234567890
Jane Smith,22,janesmith@example.com,0987654321
Alice Johnson,19,alicej@example.com,1122334455
Bob Williams,21,bobw@example.com,2233445566
Charlie Brown,23,charlieb@example.com,3344556677
David Wilson,20,davidw@example.com,4455667788
Eve Davis,24,eved@example.com,5566778899
Frank Miller,22,frankm@example.com,6677889900
Grace Lee,21,gracel@example.com,7788990011
Henry Taylor,23,henryt@example.com,8899001122
Ivy Martinez,19,ivym@example.com,9900112233
Jack Anderson,20,jacka@example.com,1011121314
Kate Thompson,22,katet@example.com,1213141516
Liam Harris,24,liamh@example.com,1314151617
Mia Clark,21,miac@example.com,1415161718
Hanuman ,26,hanuman@example.com,999999999